label,area,centroid-0,centroid-1,avi_mean,bira_mean,biotin_mean,bbox-0,bbox-1,bbox-2,bbox-3,avi_outside_mean,bira_outside_mean,biotin_outside_mean,sample,sample_short,biotin_ratio,avi_ratio,bira_ratio,condition
4,21887.0,90.10344039841002,412.6017270525883,156.93548681865948,1039.5510120162653,718.4965047745237,20,319,161,512,115.71643972219009,1040.2390948773855,721.6894523899823,SampleSample1,S1,0.9955757319095011,1.35620735649513,0.999338533934642,"S1
(Negative)"
6,29263.0,379.68871954345076,748.0792810033148,166.53890578546287,1041.4258278372006,720.528653931586,251,671,508,827,115.71643972219009,1040.2390948773855,721.6894523899823,SampleSample1,S1,0.9983915540755761,1.4391983212176802,1.0011408271095166,"S1
(Negative)"
8,33033.0,352.41446432355525,213.46692701238155,165.64768564768565,1039.580994762813,718.9109980928163,256,96,449,334,115.71643972219009,1040.2390948773855,721.6894523899823,SampleSample1,S1,0.996150069412869,1.4314965621597897,0.9993673568722677,"S1
(Negative)"
9,23886.0,403.2725864523152,878.2420664824583,158.9778112702001,1042.435903876748,722.2758519634932,303,806,508,967,115.71643972219009,1040.2390948773855,721.6894523899823,SampleSample1,S1,1.0008125372645658,1.3738567454362676,1.0021118308379109,"S1
(Negative)"
10,35596.0,452.1365321946286,506.86593999325765,159.60680975390494,1038.901814810653,718.9725250028093,307,415,588,586,115.71643972219009,1040.2390948773855,721.6894523899823,SampleSample1,S1,0.9962353234092927,1.379292433616918,0.9987144493286996,"S1
(Negative)"
11,32735.0,580.657247594318,650.039224072094,160.133496257828,1041.493905605621,721.6708110585,467,559,687,760,115.71643972219009,1040.2390948773855,721.6894523899823,SampleSample1,S1,0.9999741698712368,1.383843960653072,1.0012062714566436,"S1
(Negative)"
12,358.0,566.4944134078212,201.78212290502793,176.30167597765364,1029.1843575418995,727.5279329608938,557,191,576,214,115.71643972219009,1040.2390948773855,721.6894523899823,SampleSample1,S1,1.008090017876216,1.5235663696611776,0.9893728880312954,"S1
(Negative)"
13,34327.0,662.2267602761674,245.17414862935883,172.79701109913478,1038.3404608617122,722.5592099513502,575,118,743,383,115.71643972219009,1040.2390948773855,721.6894523899823,SampleSample1,S1,1.001205168730799,1.4932797060986553,0.9981748099787607,"S1
(Negative)"
14,19440.0,640.8119855967078,838.2940843621399,180.49994855967077,1041.2964506172839,723.8240226337449,577,738,723,935,115.71643972219009,1040.2390948773855,721.6894523899823,SampleSample1,S1,1.002957740669056,1.5598470622930651,1.0010164545296416,"S1
(Negative)"
15,26634.0,747.6938124202147,761.6702710820755,159.62484042952616,1041.1665540286851,722.6133513554104,652,664,836,873,115.71643972219009,1040.2390948773855,721.6894523899823,SampleSample1,S1,1.0012801890929242,1.3794482513699051,1.0008915826715867,"S1
(Negative)"
17,23760.0,786.4743686868687,349.676936026936,163.22925084175085,1039.3617003367003,719.1157407407408,721,232,863,471,115.71643972219009,1040.2390948773855,721.6894523899823,SampleSample1,S1,0.9964337685125946,1.4105968973261591,0.9991565453125095,"S1
(Negative)"
9,25166.0,100.6557657156481,454.2096479376937,711.8439163951363,1210.1659779066995,1577.8883811491696,40,319,161,587,506.78118667365766,1185.7854355907625,1423.5112139290793,SampleSample2,S2,1.1084481567194606,1.4046376130642138,1.0205606693961378,"S2
(Ab control)"
10,21710.0,144.18641179180102,201.16729617687702,744.8935052970982,1213.4834638415477,1609.7754030400738,60,117,241,283,506.78118667365766,1185.7854355907625,1423.5112139290793,SampleSample2,S2,1.1308484171311026,1.4698523246025177,1.023358381220955,"S2
(Ab control)"
12,24052.0,226.2497505404956,467.3553134874439,829.3457508731083,1222.4493597206053,1606.5492266755364,147,375,308,557,506.78118667365766,1185.7854355907625,1423.5112139290793,SampleSample2,S2,1.1285820659194161,1.6364967222178404,1.0309195264416253,"S2
(Ab control)"
13,7839.0,206.67368286771273,914.1509121061359,704.7934685546626,1199.9071310116087,1441.1993876769995,156,858,281,966,506.78118667365766,1185.7854355907625,1423.5112139290793,SampleSample2,S2,1.0124257354454542,1.3907254000107845,1.0119091489885021,"S2
(Ab control)"
14,12100.0,283.4813223140496,870.024214876033,757.2681818181818,1236.3529752066115,1761.5960330578512,193,818,358,937,506.78118667365766,1185.7854355907625,1423.5112139290793,SampleSample2,S2,1.2375006363284016,1.4942705091099318,1.0426447636293121,"S2
(Ab control)"
17,7383.0,328.8860896654476,960.693891372071,814.0872274143302,1244.602465122579,1792.7822023567655,282,911,382,1017,506.78118667365766,1185.7854355907625,1423.5112139290793,SampleSample2,S2,1.2594085559807073,1.606388020750586,1.0496017473030552,"S2
(Ab control)"
18,8002.0,340.43464133966506,782.4911272181954,988.7253186703324,1270.2685578605349,1958.4141464633842,291,727,398,834,506.78118667365766,1185.7854355907625,1423.5112139290793,SampleSample2,S2,1.3757630619978765,1.9509905747685603,1.0712465507958298,"S2
(Ab control)"
19,18966.0,372.4512285141833,425.33586417800274,820.4685226194242,1226.60756089845,1649.7383739323,305,329,441,529,506.78118667365766,1185.7854355907625,1423.5112139290793,SampleSample2,S2,1.1589219373824275,1.6189798362577454,1.0344262326745055,"S2
(Ab control)"
20,21820.0,432.2620531622365,679.5490834097159,854.0618240146655,1225.1093950504126,1620.5571494042163,350,598,523,772,506.78118667365766,1185.7854355907625,1423.5112139290793,SampleSample2,S2,1.1384224680122217,1.6852674220612684,1.0331627951224234,"S2
(Ab control)"
21,20564.0,459.9164559424237,820.4272028788173,751.494553588796,1218.1710756662128,1627.3494456331453,368,734,551,892,506.78118667365766,1185.7854355907625,1423.5112139290793,SampleSample2,S2,1.1431939767734218,1.482877765296212,1.0273115515703022,"S2
(Ab control)"
23,15519.0,466.623171596108,536.7101617372253,678.1076100264193,1202.7192473741866,1545.6640891810039,387,461,544,612,506.78118667365766,1185.7854355907625,1423.5112139290793,SampleSample2,S2,1.085810968018135,1.3380678443832752,1.0142806710853112,"S2
(Ab control)"
25,21692.0,510.3494836806196,402.0748663101604,865.1781762861884,1224.3106214272543,1645.6721371934354,438,301,580,523,506.78118667365766,1185.7854355907625,1423.5112139290793,SampleSample2,S2,1.1560654535703745,1.7072026330829857,1.0324891710423973,"S2
(Ab control)"
29,23086.0,626.290825608594,793.4450316208957,753.6377891362731,1217.5919604955384,1641.15736810188,542,697,709,887,506.78118667365766,1185.7854355907625,1423.5112139290793,SampleSample2,S2,1.1528938810197837,1.487106879564531,1.026823170491152,"S2
(Ab control)"
30,28694.0,619.2260402871681,575.0568760019517,797.6120094793337,1215.0541925141144,1571.5704328431032,546,446,700,701,506.78118667365766,1185.7854355907625,1423.5112139290793,SampleSample2,S2,1.1040098718332965,1.5738784912569315,1.0246830126638975,"S2
(Ab control)"
31,23080.0,669.7620883882149,137.06161178509532,919.5247833622184,1228.085788561525,1641.7020363951474,587,42,743,233,506.78118667365766,1185.7854355907625,1423.5112139290793,SampleSample2,S2,1.1532765041336293,1.8144414345719337,1.0356728558988317,"S2
(Ab control)"
34,18558.0,734.2739519344757,370.90742536911307,743.2694255846535,1205.7036318568812,1545.2555232244854,664,259,804,471,506.78118667365766,1185.7854355907625,1423.5112139290793,SampleSample2,S2,1.085523955206068,1.4666476284631353,1.0167974708309648,"S2
(Ab control)"
36,14278.0,828.6368539011066,240.57830228323294,842.368889200168,1204.3627959097912,1569.124036979969,751,173,899,307,506.78118667365766,1185.7854355907625,1423.5112139290793,SampleSample2,S2,1.1022913073153664,1.6621944763364163,1.0156667131855717,"S2
(Ab control)"
37,27546.0,845.3051622740144,556.3884411529805,787.3664415886154,1225.9452552094679,1716.1246641980688,755,446,934,658,506.78118667365766,1185.7854355907625,1423.5112139290793,SampleSample2,S2,1.2055575308475004,1.553661545245248,1.033867695127068,"S2
(Ab control)"
39,11583.0,853.6595009928343,829.6491409824744,876.0518000518,1215.0981610981612,1558.4986618319952,787,775,919,889,506.78118667365766,1185.7854355907625,1423.5112139290793,SampleSample2,S2,1.0948271053870609,1.7286588829429743,1.0247200923772477,"S2
(Ab control)"
40,15038.0,883.1915813273041,360.3612847453119,810.2285543290332,1212.005452852773,1575.7431174358292,808,296,954,433,506.78118667365766,1185.7854355907625,1423.5112139290793,SampleSample2,S2,1.1069411340192885,1.59877393959137,1.022111940723026,"S2
(Ab control)"
3,18740.0,70.23415154749199,370.82897545357525,161.7289220917823,2241.0739594450374,2746.472038420491,8,267,138,493,101.41210279870673,1601.6162494943587,1401.3384479502245,SampleSample3,S3,1.9598920178332577,1.594769437064121,1.3992577561276367,"S3
(BirA only)"
4,20288.0,142.57970228706625,582.522772082019,147.875,11975.050226735017,12256.62435922713,56,504,229,662,101.41210279870673,1601.6162494943587,1401.3384479502245,SampleSample3,S3,8.746369856015315,1.45815929183046,7.4768536036741775,"S3
(BirA only)"
5,25741.0,172.966357173381,395.0362068295715,153.51656889786722,2621.8601841420304,3130.6059205159086,97,279,254,507,101.41210279870673,1601.6162494943587,1401.3384479502245,SampleSample3,S3,2.234011294769747,1.513789426125823,1.6370089807528925,"S3
(BirA only)"
6,22008.0,272.49995456197746,249.83446928389677,139.1759814612868,1512.3703653217012,2215.079789167575,186,159,362,337,101.41210279870673,1601.6162494943587,1401.3384479502245,SampleSample3,S3,1.5806886569105645,1.3723803926789462,0.9442776106943014,"S3
(BirA only)"
7,37285.0,356.1964865227303,420.47018908408205,122.48775647043047,1311.5297572750435,1623.1939385811988,229,323,489,518,101.41210279870673,1601.6162494943587,1401.3384479502245,SampleSample3,S3,1.1583168512613697,1.2078218781594234,0.8188789029139174,"S3
(BirA only)"
8,17224.0,322.3885856943799,686.9085578262889,141.2520901068277,7435.754528564793,8221.296446818393,249,616,408,753,101.41210279870673,1601.6162494943587,1401.3384479502245,SampleSample3,S3,5.866745794953321,1.3928523934386758,4.642656773064279,"S3
(BirA only)"
10,21415.0,398.0239084753677,136.08330609385945,148.42204062572964,1305.5896801307495,1620.1391547980388,294,49,505,230,101.41210279870673,1601.6162494943587,1401.3384479502245,SampleSample3,S3,1.1561369469080507,1.463553525956691,0.8151701011668264,"S3
(BirA only)"
11,16943.0,394.3475181490881,813.2706132326034,141.74125007377677,8810.099037950777,9628.656436286372,309,744,476,887,101.41210279870673,1601.6162494943587,1401.3384479502245,SampleSample3,S3,6.87104278796494,1.397675880512206,5.500755278133688,"S3
(BirA only)"
12,21651.0,448.24474620109925,257.78259664680616,135.15384970671101,1385.7958523855712,1917.2078887811188,359,164,528,348,101.41210279870673,1601.6162494943587,1401.3384479502245,SampleSample3,S3,1.3681262307371003,1.3327191328926333,0.8652483719636813,"S3
(BirA only)"
13,23847.0,502.9982387721726,711.3651612362142,154.50387889461987,1797.647377028557,2589.576173103535,401,640,603,784,101.41210279870673,1601.6162494943587,1401.3384479502245,SampleSample3,S3,1.847930581574621,1.5235250490890146,1.1223958158492002,"S3
(BirA only)"
14,12147.0,502.69720918745367,911.3007326911995,150.13740018111469,1512.884909854285,2163.3214785543755,437,845,570,970,101.41210279870673,1601.6162494943587,1401.3384479502245,SampleSample3,S3,1.5437537460837703,1.4804682679652446,0.9445988764986077,"S3
(BirA only)"
16,16700.0,629.6325149700599,822.8813772455089,144.6211976047904,1527.5295209580838,2245.2808982035926,560,746,702,893,101.41210279870673,1601.6162494943587,1401.3384479502245,SampleSample3,S3,1.602240273566907,1.4260743403758187,0.9537425219307905,"S3
(BirA only)"
17,18015.0,695.0889258950874,553.3252289758534,155.41221204551763,5513.861393283375,5672.2580627255065,615,480,773,628,101.41210279870673,1601.6162494943587,1401.3384479502245,SampleSample3,S3,4.047743120887371,1.5324819006464734,3.4426857213918374,"S3
(BirA only)"
19,16486.0,901.8956083950018,213.0234138056533,146.64976343564237,1379.055380322698,2120.425815843746,824,139,973,297,101.41210279870673,1601.6162494943587,1401.3384479502245,SampleSample3,S3,1.5131432516858079,1.4460775330408842,0.861039828209832,"S3
(BirA only)"
4,1391.0,40.30050323508267,708.373831775701,153.97340043134434,1072.4385334291876,804.7735442127965,23,686,60,739,368.1783845937785,1074.404873033846,799.1249078365283,SampleSample4,S4,1.0070685274865987,0.41820325927397256,0.9981698336874573,"S4
(Avi only)"
5,1947.0,50.58808423215203,790.8638931689779,131.15100154083206,1074.753466872111,795.7267591165896,24,763,75,816,368.1783845937785,1074.404873033846,799.1249078365283,SampleSample4,S4,0.9957476626161753,0.35621591877408726,1.0003244529571806,"S4
(Avi only)"
6,2002.0,58.612887112887115,950.7252747252747,125.07692307692308,1073.6483516483515,786.056943056943,29,920,80,979,368.1783845937785,1074.404873033846,799.1249078365283,SampleSample4,S4,0.983647156218714,0.3397182678579133,0.9992958693650019,"S4
(Avi only)"
7,1494.0,56.37817938420348,745.8500669344043,168.41834002677376,1074.5575635876842,821.3795180722891,33,725,83,765,368.1783845937785,1074.404873033846,799.1249078365283,SampleSample4,S4,1.0278487255465616,0.45743679442940255,1.0001421164010613,"S4
(Avi only)"
8,2181.0,68.76662081613938,430.6377808344796,145.93397524071526,1077.4942686840898,798.8106373223292,40,402,94,458,368.1783845937785,1074.404873033846,799.1249078365283,SampleSample4,S4,0.999606731674714,0.3963675798125093,1.0028754482856357,"S4
(Avi only)"
9,2237.0,65.82521233795262,865.9901654000894,138.99374161823872,1076.9611086276263,800.8609745194457,40,834,86,915,368.1783845937785,1074.404873033846,799.1249078365283,SampleSample4,S4,1.0021724597317552,0.37751738677324687,1.002379210722083,"S4
(Avi only)"
10,1808.0,62.033185840707965,608.0652654867257,147.18196902654867,1078.766039823009,788.3025442477876,41,582,86,636,368.1783845937785,1074.404873033846,799.1249078365283,SampleSample4,S4,0.9864572315508973,0.399757224175283,1.0040591465085673,"S4
(Avi only)"
11,1351.0,69.29533678756476,251.97039230199852,191.89267209474463,1070.5447816432272,807.9925980754996,45,224,93,277,368.1783845937785,1074.404873033846,799.1249078365283,SampleSample4,S4,1.0110967511486768,0.5211948341466737,0.9964072283293739,"S4
(Avi only)"
12,1007.0,62.853028798411124,99.6206554121152,564.6097318768619,1083.0754716981132,849.1161866931479,46,79,78,120,368.1783845937785,1074.404873033846,799.1249078365283,SampleSample4,S4,1.062557528074004,1.533522215052933,1.0080701408583375,"S4
(Avi only)"
13,1564.0,75.83503836317135,710.4872122762148,229.96675191815856,1077.8152173913043,796.2218670076726,55,688,99,737,368.1783845937785,1074.404873033846,799.1249078365283,SampleSample4,S4,0.9963672251979792,0.6246068795480411,1.0031741705971868,"S4
(Avi only)"
14,1222.0,94.61456628477904,127.2037643207856,432.83306055646483,1090.941898527005,837.2888707037644,73,101,113,147,368.1783845937785,1074.404873033846,799.1249078365283,SampleSample4,S4,1.0477571935162895,1.175606930412337,1.0153918005290339,"S4
(Avi only)"
15,978.0,90.88343558282209,96.68098159509202,542.6441717791411,1086.344580777096,855.7188139059305,74,79,110,120,368.1783845937785,1074.404873033846,799.1249078365283,SampleSample4,S4,1.0708198499563966,1.4738621127306415,1.011112857027105,"S4
(Avi only)"
16,997.0,90.15646940822468,163.90571715145435,283.13841524573724,1086.051153460381,829.7723169508525,75,144,108,183,368.1783845937785,1074.404873033846,799.1249078365283,SampleSample4,S4,1.0383512124497483,0.7690250897214722,1.0108397501899344,"S4
(Avi only)"
17,2729.0,109.67057530230854,261.5031146940271,288.51557347013556,1078.5683400513008,814.388420666911,75,231,137,291,368.1783845937785,1074.404873033846,799.1249078365283,SampleSample4,S4,1.0191002841742294,0.7836298531986413,1.0038751378758162,"S4
(Avi only)"
18,1131.0,94.49955791335101,547.3138815207781,131.30769230769232,1075.0618921308576,798.3996463306809,77,527,115,572,368.1783845937785,1074.404873033846,799.1249078365283,SampleSample4,S4,0.9990924303588397,0.3566415026036028,1.000611519096294,"S4
(Avi only)"
19,3459.0,106.83232148019658,881.8383925990171,158.6198323214802,1078.5319456490315,799.1257588898526,79,840,141,915,368.1783845937785,1074.404873033846,799.1249078365283,SampleSample4,S4,1.0000010649816016,0.4308233154330608,1.0038412638650194,"S4
(Avi only)"
20,1254.0,116.73365231259969,609.7870813397129,162.311004784689,1076.66985645933,802.6794258373205,92,594,142,627,368.1783845937785,1074.404873033846,799.1249078365283,SampleSample4,S4,1.0044480130276696,0.4408488156190138,1.0021081283995747,"S4
(Avi only)"
21,1653.0,121.43315184513007,706.8614640048397,126.49364791288566,1080.1712038717483,795.9431336963097,98,684,145,730,368.1783845937785,1074.404873033846,799.1249078365283,SampleSample4,S4,0.996018427020586,0.3435661983591178,1.0053669998923402,"S4
(Avi only)"
22,1912.0,129.16997907949792,389.0339958158996,168.8760460251046,1069.6537656903765,810.7803347280335,105,365,157,413,368.1783845937785,1074.404873033846,799.1249078365283,SampleSample4,S4,1.0145852378986158,0.45867995811712375,0.9955779171681776,"S4
(Avi only)"
23,2142.0,136.50513538748834,460.39635854341736,151.5751633986928,1078.4407096171801,809.2250233426704,105,437,167,483,368.1783845937785,1074.404873033846,799.1249078365283,SampleSample4,S4,1.012638969711864,0.4116894683155556,1.0037563461267056,"S4
(Avi only)"
24,1463.0,127.63773069036228,819.2412850307587,124.8092959671907,1080.533151059467,796.755980861244,107,800,150,842,368.1783845937785,1074.404873033846,799.1249078365283,SampleSample4,S4,0.9970355986253792,0.338991372632851,1.0057038814504968,"S4
(Avi only)"
25,1113.0,134.03504043126685,425.07726864330635,147.125786163522,1092.3719676549865,809.0952380952381,113,410,155,442,368.1783845937785,1074.404873033846,799.1249078365283,SampleSample4,S4,1.0124765604987866,0.3996046273217533,1.016722834261172,"S4
(Avi only)"
26,753.0,138.7436918990704,219.04249667994688,184.23771580345286,1060.7370517928287,809.3413014608234,123,204,153,237,368.1783845937785,1074.404873033846,799.1249078365283,SampleSample4,S4,1.0127844765243945,0.5004034009403553,0.9872787050914775,"S4
(Avi only)"
27,1370.0,161.5014598540146,547.8591240875912,166.73430656934306,1085.9934306569344,824.7240875912408,138,529,186,568,368.1783845937785,1074.404873033846,799.1249078365283,SampleSample4,S4,1.032034015588398,0.45286283374105646,1.0107860248161062,"S4
(Avi only)"
28,1450.0,169.7,396.6448275862069,158.04620689655172,1090.048275862069,815.9027586206896,147,374,198,422,368.1783845937785,1074.404873033846,799.1249078365283,SampleSample4,S4,1.0209952794858865,0.4292653059220968,1.0145600631762308,"S4
(Avi only)"
29,3022.0,177.44639311714096,776.3606882859034,162.1187954996691,1079.8180013236267,807.4212442091331,147,744,208,814,368.1783845937785,1074.404873033846,799.1249078365283,SampleSample4,S4,1.0103817767300802,0.4403267608405075,1.0050382573884793,"S4
(Avi only)"
30,1881.0,182.42424242424244,825.5832004253057,277.01913875598086,1087.6485911749069,816.1648059542796,160,799,205,854,368.1783845937785,1074.404873033846,799.1249078365283,SampleSample4,S4,1.0213231973508163,0.7524046775902496,1.0123265618701673,"S4
(Avi only)"
31,1975.0,200.67949367088607,502.20506329113925,174.37164556962026,1086.2764556962024,816.7518987341772,176,473,226,533,368.1783845937785,1074.404873033846,799.1249078365283,SampleSample4,S4,1.0220578669552054,0.4736064170687515,1.011049449756156,"S4
(Avi only)"
32,1553.0,209.70508692852545,609.6877012234385,212.99935608499678,1089.216999356085,834.7952350289762,190,585,230,638,368.1783845937785,1074.404873033846,799.1249078365283,SampleSample4,S4,1.0446367355624269,0.5785221647924956,1.013786354375342,"S4
(Avi only)"
33,2178.0,225.3406795224977,580.1620752984389,379.6515151515151,1098.4683195592286,845.4687786960515,192,552,259,610,368.1783845937785,1074.404873033846,799.1249078365283,SampleSample4,S4,1.0579932754004502,1.0311618797784536,1.0223970005435974,"S4
(Avi only)"
34,1541.0,229.5496430889033,533.2978585334199,421.020116807268,1112.780661907852,858.6683971447112,205,510,254,554,368.1783845937785,1074.404873033846,799.1249078365283,SampleSample4,S4,1.0745108664794156,1.1435220926176621,1.0357181820719432,"S4
(Avi only)"
35,1438.0,241.61265646731573,494.9116828929068,265.42837273991654,1096.3692628650904,836.4506258692629,220,475,263,519,368.1783845937785,1074.404873033846,799.1249078365283,SampleSample4,S4,1.0467082400594752,0.7209232911181657,1.020443308088526,"S4
(Avi only)"
36,866.0,247.48267898383372,562.2898383371825,229.6339491916859,1087.717090069284,839.9353348729792,224,545,264,583,368.1783845937785,1074.404873033846,799.1249078365283,SampleSample4,S4,1.051068896284233,0.6237029624784938,1.0123903170672037,"S4
(Avi only)"
37,1044.0,275.2605363984674,523.2749042145593,662.8850574712644,1131.2040229885058,905.911877394636,256,506,293,543,368.1783845937785,1074.404873033846,799.1249078365283,SampleSample4,S4,1.1336298850291278,1.8004453417401025,1.0528656853484604,"S4
(Avi only)"
38,1313.0,290.23305407463823,825.0868240670221,140.9086062452399,1083.7578065498858,813.0700685453161,271,803,310,847,368.1783845937785,1074.404873033846,799.1249078365283,SampleSample4,S4,1.0174505394238573,0.38271830216406727,1.008705222538343,"S4
(Avi only)"
39,2256.0,362.7105496453901,617.3062943262412,139.73980496453902,1085.0328014184397,824.4423758865248,336,589,391,648,368.1783845937785,1074.404873033846,799.1249078365283,SampleSample4,S4,1.0316814903424028,0.3795437505618855,1.0098919212406243,"S4
(Avi only)"
40,2135.0,368.93395784543327,574.9929742388758,206.06697892271663,1081.640281030445,829.7269320843092,340,545,397,605,368.1783845937785,1074.404873033846,799.1249078365283,SampleSample4,S4,1.0382944192424557,0.5596933104861006,1.0067343402642694,"S4
(Avi only)"
41,1740.0,403.00344827586207,227.64885057471264,178.96954022988507,1075.078735632184,816.0218390804598,383,202,425,255,368.1783845937785,1074.404873033846,799.1249078365283,SampleSample4,S4,1.0211442930613646,0.48609464248518325,1.0006271961485387,"S4
(Avi only)"
42,1424.0,415.1790730337079,637.6053370786517,174.25842696629215,1083.6755617977528,834.4599719101124,393,610,434,662,368.1783845937785,1074.404873033846,799.1249078365283,SampleSample4,S4,1.0442171977460277,0.4732989068832934,1.0086286734140817,"S4
(Avi only)"
43,2579.0,506.002326483133,57.65723148507173,219.426909654905,1084.9492051182629,830.1291198138814,475,33,540,86,368.1783845937785,1074.404873033846,799.1249078365283,SampleSample4,S4,1.0387977044305763,0.5959798805054914,1.0098141141659591,"S4
(Avi only)"
44,33953.0,588.0096898654022,606.9371778635173,13669.285482873383,1155.2660442376225,1246.1539186522546,495,486,682,723,368.1783845937785,1074.404873033846,799.1249078365283,SampleSample4,S4,1.559398169712878,37.12680063484739,1.0752613593192715,"S4
(Avi only)"
45,2760.0,594.9210144927537,92.95,122.5054347826087,1074.3286231884058,819.7119565217391,569,60,628,130,368.1783845937785,1074.404873033846,799.1249078365283,SampleSample4,S4,1.0257619910020652,0.3327339135288248,0.999929030622111,"S4
(Avi only)"
47,3260.0,623.908282208589,139.1628834355828,162.18159509202454,1077.489263803681,825.2539877300613,591,100,656,176,368.1783845937785,1074.404873033846,799.1249078365283,SampleSample4,S4,1.0326971161045053,0.44049732922524504,1.0028707900040752,"S4
(Avi only)"
48,895.0,698.8011173184358,36.97430167597766,201.52290502793295,1082.336312849162,810.6,684,19,714,57,368.1783845937785,1074.404873033846,799.1249078365283,SampleSample4,S4,1.014359572641201,0.5473512662897873,1.0073821703664836,"S4
(Avi only)"
49,2914.0,735.5950583390528,188.58476321207962,122.08064516129032,1067.1458476321209,812.0483870967741,704,158,773,219,368.1783845937785,1074.404873033846,799.1249078365283,SampleSample4,S4,1.0161720391061688,0.33158015318032674,0.9932436778872499,"S4
(Avi only)"
50,2264.0,743.5843639575971,79.94302120141343,175.33348056537102,1078.7588339222614,828.4779151943463,718,50,771,109,368.1783845937785,1074.404873033846,799.1249078365283,SampleSample4,S4,1.036731438439687,0.4762188327780876,1.0040524396321109,"S4
(Avi only)"
51,3365.0,757.2588410104012,331.1809806835067,122.73046062407133,1075.955720653789,823.3898959881129,726,300,797,366,368.1783845937785,1074.404873033846,799.1249078365283,SampleSample4,S4,1.030364449804571,0.33334510052642896,1.001443448050979,"S4
(Avi only)"
52,2348.0,787.473594548552,160.17887563884156,149.57751277683136,1073.7572402044293,821.1179727427598,757,134,818,190,368.1783845937785,1074.404873033846,799.1249078365283,SampleSample4,S4,1.0275214358738651,0.40626369997756495,0.9993972171518658,"S4
(Avi only)"
53,718.0,812.733983286908,356.3022284122563,171.5208913649025,1082.6044568245125,823.7632311977716,793,337,835,377,368.1783845937785,1074.404873033846,799.1249078365283,SampleSample4,S4,1.0308316298486386,0.465863555662417,1.007631744788641,"S4
(Avi only)"
54,1626.0,830.0,309.75645756457567,170.05535055350555,1072.9526445264453,844.4268142681427,801,285,855,329,368.1783845937785,1074.404873033846,799.1249078365283,SampleSample4,S4,1.0566893935946262,0.4618830373247804,0.9986483414736385,"S4
(Avi only)"
55,1497.0,848.8256513026053,223.82832331329325,178.5424181696727,1082.2992651970608,820.5551102204408,829,196,873,248,368.1783845937785,1074.404873033846,799.1249078365283,SampleSample4,S4,1.0268170872585245,0.4849345470583873,1.0073476883448258,"S4
(Avi only)"
56,931.0,854.1707841031149,269.17722878625136,181.81310418904403,1086.9312567132115,830.1267454350161,837,253,871,288,368.1783845937785,1074.404873033846,799.1249078365283,SampleSample4,S4,1.0387947332068763,0.49381797464738053,1.0116589043793094,"S4
(Avi only)"
57,2041.0,878.5957863792258,197.86918177364038,159.37922586967173,1074.3826555609994,806.7711905928467,854,166,899,230,368.1783845937785,1074.404873033846,799.1249078365283,SampleSample4,S4,1.009568319897598,0.43288588504596565,0.9999793211354452,"S4
(Avi only)"
58,1815.0,932.5575757575757,221.52561983471074,294.10964187327824,1079.1829201101928,817.7845730027548,910,197,964,247,368.1783845937785,1074.404873033846,799.1249078365283,SampleSample4,S4,1.0233501233452273,0.7988237609271321,1.0044471569296358,"S4
(Avi only)"
59,2099.0,965.9414006669842,256.50452596474514,214.67317770366842,1071.1467365412102,829.5231062410671,946,223,990,288,368.1783845937785,1074.404873033846,799.1249078365283,SampleSample4,S4,1.0380393579357148,0.5830683893638224,0.9969674965421224,"S4
(Avi only)"
3,45802.0,298.1737697043797,444.23601589450243,824.3735644731671,1126.455373127811,903.424937775643,153,339,458,537,246.53511684109068,1088.3642737607852,807.2287300958548,SampleSample5,S5,1.1191684637740351,3.3438382938546405,1.0349984837662891,"S5
(2° Ab control)"
4,37980.0,368.3084254870985,282.167430226435,777.2102159031069,1117.936598209584,884.8287256450764,246,178,490,386,246.53511684109068,1088.3642737607852,807.2287300958548,SampleSample5,S5,1.0961313598687288,3.152533504604433,1.0271713480144045,"S5
(2° Ab control)"
5,36211.0,524.8301344895198,557.3689210460909,810.8709232001326,1118.6907569523073,887.901908259921,413,457,640,664,246.53511684109068,1088.3642737607852,807.2287300958548,SampleSample5,S5,1.0999384377145331,3.2890686470552435,1.027864276623791,"S5
(2° Ab control)"
6,34072.0,624.4112467715427,801.0117691946466,872.5339868513736,1123.9799248649917,889.4918114580887,510,715,740,904,246.53511684109068,1088.3642737607852,807.2287300958548,SampleSample5,S5,1.1019080197411526,3.539187431110609,1.0327240170987408,"S5
(2° Ab control)"
7,29356.0,735.9355838670118,605.8978062406322,733.5794045510288,1122.8881659626652,885.433574056411,662,482,813,742,246.53511684109068,1088.3642737607852,807.2287300958548,SampleSample5,S5,1.0968806498639732,2.975557453844892,1.0317208980800008,"S5
(2° Ab control)"
8,16683.0,835.4815081220404,339.91434394293594,944.5096805130971,1118.2537313432836,880.8406761373853,758,267,907,412,246.53511684109068,1088.3642737607852,807.2287300958548,SampleSample5,S5,1.0911909391936403,3.8311364831724983,1.0274627331152804,"S5
(2° Ab control)"
1,46.0,272.9347826086956,542.1739130434783,360.8695652173913,1132.608695652174,1001.0652173913044,268,495,283,583,254.70053689593004,1137.5116269547318,999.5922060131848,SampleSample6,S6,1.0014736123083579,1.4168386514428184,0.9956897747799874,"S6
(Full system)"
2,47990.0,412.36980620962703,513.2608043342364,19585.856907689104,9521.317566159616,22293.379808293394,278,372,528,638,254.70053689593004,1137.5116269547318,999.5922060131848,SampleSample6,S6,22.30247462333589,76.89758783544234,8.370303512105133,"S6
(Full system)"
3,30441.0,506.62668769094313,278.63434184159524,1109.5084589862356,1473.7770769685621,2093.4397358825267,396,179,606,389,254.70053689593004,1137.5116269547318,999.5922060131848,SampleSample6,S6,2.094293776291123,4.356129250876208,1.2956149564062542,"S6
(Full system)"
4,35482.0,687.4989008511358,479.7153768107773,1013.9561467786483,1319.1340397948256,1635.4779042894988,580,368,820,592,254.70053689593004,1137.5116269547318,999.5922060131848,SampleSample6,S6,1.63614511442872,3.980973731488238,1.1596664232139067,"S6
(Full system)"
5,44034.0,713.6732070672662,688.2479220602262,932.4983421901259,1493.5575691511106,1710.737521006495,593,558,846,815,254.70053689593004,1137.5116269547318,999.5922060131848,SampleSample6,S6,1.7114354340853375,3.661155777504867,1.3130042223388614,"S6
(Full system)"
6,24079.0,787.602641305702,342.10556916815483,1336.0359234187467,1418.6494040450184,2010.006644794219,687,263,890,431,254.70053689593004,1137.5116269547318,999.5922060131848,SampleSample6,S6,2.010826647809724,5.245516714260589,1.247151563490326,"S6
(Full system)"
7,27321.0,870.9292119614948,566.130668716372,961.525712821639,1324.9732074228616,1750.1161743713626,778,455,972,667,254.70053689593004,1137.5116269547318,999.5922060131848,SampleSample6,S6,1.7508301523794378,3.7751224419857263,1.1647997049225678,"S6
(Full system)"
